ID,Traits,Link
(MM-2123697),['Phantom'],/us/c/reptiles/lizards/crested-geckos/2123697
CB24-2-1,['Buckskin'],/us/c/reptiles/lizards/crested-geckos/2571629
2024-0017,['Tri-color'],/us/c/reptiles/lizards/crested-geckos/2522851
Trinc1,['Harlequin'],/us/c/reptiles/lizards/crested-geckos/1536787
(MM-2123751),['Harlequin'],/us/c/reptiles/lizards/crested-geckos/2123751
(MM-2123702),['Harlequin'],/us/c/reptiles/lizards/crested-geckos/2123702
Pistachio,['Super Dalmatian'],/us/c/reptiles/lizards/crested-geckos/2702161
Persxabsol,['Dark'],/us/c/reptiles/lizards/crested-geckos/2702124
Cr-1136,['Yellow'],/us/c/reptiles/lizards/crested-geckos/2036610
22m_7200,['Extreme Harlequin'],/us/c/reptiles/lizards/crested-geckos/2522452
PXH-KONA-2023,['Red'],/us/c/reptiles/lizards/crested-geckos/2261870
Cr-1462,['Super Dalmatian'],/us/c/reptiles/lizards/crested-geckos/2036481
Cr-1456,['Dalmatian'],/us/c/reptiles/lizards/crested-geckos/2036483
PhFu4,['Tri-color'],/us/c/reptiles/lizards/crested-geckos/2570905
DoSn,['Tri-color'],/us/c/reptiles/lizards/crested-geckos/2367494
But,['Extreme Harlequin'],/us/c/reptiles/lizards/crested-geckos/2355116
DoSn,['Tri-color'],/us/c/reptiles/lizards/crested-geckos/2367494
But,['Extreme Harlequin'],/us/c/reptiles/lizards/crested-geckos/2355116
Cr-1233,['Fringing'],/us/c/reptiles/lizards/crested-geckos/2036454
Cr-1182,['Phantom'],/us/c/reptiles/lizards/crested-geckos/2036448
Cherry,['Red'],/us/c/reptiles/lizards/crested-geckos/2701698
GrPp04,['Tri-color'],/us/c/reptiles/lizards/crested-geckos/1747472
GrPp01,['Tri-color'],/us/c/reptiles/lizards/crested-geckos/1747444
GrPp08,['Tri-color'],/us/c/reptiles/lizards/crested-geckos/1747499
ChAu04,['Harlequin'],/us/c/reptiles/lizards/crested-geckos/2225856
JoTe05,['Extreme Harlequin'],/us/c/reptiles/lizards/crested-geckos/2226156
Sloppy1,['Brindle'],/us/c/reptiles/lizards/crested-geckos/2701483
FrRa05,['Black'],/us/c/reptiles/lizards/crested-geckos/2216198
FrRa01,['Black'],/us/c/reptiles/lizards/crested-geckos/2215460
DH3,['Extreme Harlequin'],/us/c/reptiles/lizards/crested-geckos/2701407
EverclearXFanta2,['Red'],/us/c/reptiles/lizards/crested-geckos/2701074
LS3,['White Out'],/us/c/reptiles/lizards/crested-geckos/2701057
LWFC19,['Mocha'],/us/c/reptiles/lizards/crested-geckos/2701042
TJ0827-2,['Pin-dashed'],/us/c/reptiles/lizards/crested-geckos/2700964
Mm19,['Harlequin'],/us/c/reptiles/lizards/crested-geckos/2584920
(MM-2255643),['Super Stripe'],/us/c/reptiles/lizards/crested-geckos/2255643
Mm17,['Extreme Harlequin'],/us/c/reptiles/lizards/crested-geckos/2584912
MaGa.23.C3.7,['Harlequin'],/us/c/reptiles/lizards/crested-geckos/2312093
MaGa.23.C4.15,['Harlequin'],/us/c/reptiles/lizards/crested-geckos/2312086
MoLe.23.C5.30,['Tri-color'],/us/c/reptiles/lizards/crested-geckos/2583566
MoLe.23.C5.31,['Tri-color'],/us/c/reptiles/lizards/crested-geckos/2583565
MoLe.23.C6.44,['Tri-color'],/us/c/reptiles/lizards/crested-geckos/2583558
MoTe.23.C9.43,['Harlequin'],/us/c/reptiles/lizards/crested-geckos/2583559
MaGa.23.C8.46,['Tri-color'],/us/c/reptiles/lizards/crested-geckos/2583556
MaGa.23.C8.47,['Tri-color'],/us/c/reptiles/lizards/crested-geckos/2583555
MaGi.23.C8.52,['Tri-color'],/us/c/reptiles/lizards/crested-geckos/2583552
MaEd0722-0916,['Extreme Harlequin'],/us/c/reptiles/lizards/crested-geckos/2584580
KaNe0122-0916,['Harlequin'],/us/c/reptiles/lizards/crested-geckos/2584557
(MM-2569574),['Harlequin'],/us/c/reptiles/lizards/crested-geckos/2569574
26CG24,['Lavender'],/us/c/reptiles/lizards/crested-geckos/2700537
CHG1-F,['Partial Pinstripe'],/us/c/reptiles/lizards/crested-geckos/2122654
Adia,['Harlequin'],/us/c/reptiles/lizards/crested-geckos/2700485
TYHO230401,['Creamsicle'],/us/c/reptiles/lizards/crested-geckos/2700430
PEG1-C,['Partial Pinstripe'],/us/c/reptiles/lizards/crested-geckos/2122582
Cr-1132,['Yellow'],/us/c/reptiles/lizards/crested-geckos/2063680
(MM-2700141),['Harlequin'],/us/c/reptiles/lizards/crested-geckos/2700141
Cr-1495,['Extreme Harlequin'],/us/c/reptiles/lizards/crested-geckos/2063580
BUTTER,['Extreme Harlequin'],/us/c/reptiles/lizards/crested-geckos/2494208
Cr-1587,['Yellow'],/us/c/reptiles/lizards/crested-geckos/2063496
(MM-2634734),['Extreme Harlequin'],/us/c/reptiles/lizards/crested-geckos/2634734
Capdal1,['Dalmatian'],/us/c/reptiles/lizards/crested-geckos/2699697
Cr-1428,['Yellow'],/us/c/reptiles/lizards/crested-geckos/2034842
Corrcili-mushroon,['Tri-color'],/us/c/reptiles/lizards/crested-geckos/2634575
Cr-1706,['Extreme Harlequin'],/us/c/reptiles/lizards/crested-geckos/2063371
Cr-1756,['Extreme Harlequin'],/us/c/reptiles/lizards/crested-geckos/2063324
Cr-1766,['Extreme Harlequin'],/us/c/reptiles/lizards/crested-geckos/2063315
2024-0011,['Dalmatian'],/us/c/reptiles/lizards/crested-geckos/2519976
(MM-2568387),['Tri-color'],/us/c/reptiles/lizards/crested-geckos/2568387
2313301,['Harlequin'],/us/c/reptiles/lizards/crested-geckos/1951190
Sea01,['Axanthic'],/us/c/reptiles/lizards/crested-geckos/2699331
2313302,['Harlequin'],/us/c/reptiles/lizards/crested-geckos/1951189
(MM-2293537),['Super Stripe'],/us/c/reptiles/lizards/crested-geckos/2293537
2313502,['Harlequin'],/us/c/reptiles/lizards/crested-geckos/1951186
Cr-1379,['Extreme Harlequin'],/us/c/reptiles/lizards/crested-geckos/2063203
(MM-2699276),['Dalmatian'],/us/c/reptiles/lizards/crested-geckos/2699276
PANtwin,['Extreme Harlequin'],/us/c/reptiles/lizards/crested-geckos/2699258
Cr-1229,['Yellow'],/us/c/reptiles/lizards/crested-geckos/2063050
tanpincrestie37m,['Harlequin'],/us/c/reptiles/lizards/crested-geckos/1677420
hicontrastpin43m,['Harlequin'],/us/c/reptiles/lizards/crested-geckos/1677413
tigerdal49m,['Dalmatian'],/us/c/reptiles/lizards/crested-geckos/1677433
superdal25m,['Super Dalmatian'],/us/c/reptiles/lizards/crested-geckos/1677440
2314402,['Harlequin'],/us/c/reptiles/lizards/crested-geckos/2148272
HiPa1,['Orange'],/us/c/reptiles/lizards/crested-geckos/2570666
OrangeLillycg664,['Orange'],/us/c/reptiles/lizards/crested-geckos/2567568
Gelatto,['Harlequin'],/us/c/reptiles/lizards/crested-geckos/2698666
CCT23-3,['Harlequin'],/us/c/reptiles/lizards/crested-geckos/2147770
ChxP-03,['Dalmatian'],/us/c/reptiles/lizards/crested-geckos/2698644
SxG-04,['Extreme Harlequin'],/us/c/reptiles/lizards/crested-geckos/2698633
SxG-03,['Harlequin'],/us/c/reptiles/lizards/crested-geckos/2698627
Mm09,['Dark'],/us/c/reptiles/lizards/crested-geckos/2581968
Mm04,['Extreme Harlequin'],/us/c/reptiles/lizards/crested-geckos/2581905
Redlillycg663,['Red'],/us/c/reptiles/lizards/crested-geckos/2567317
NeGo03,['Harlequin'],/us/c/reptiles/lizards/crested-geckos/2614123
PeGn02,['Harlequin'],/us/c/reptiles/lizards/crested-geckos/2613965
MOIX06,['Harlequin'],/us/c/reptiles/lizards/crested-geckos/2613936
G45,['Flame'],/us/c/reptiles/lizards/crested-geckos/2698526
G44,['Flame'],/us/c/reptiles/lizards/crested-geckos/2698522
Cantaloupe,['Harlequin'],/us/c/reptiles/lizards/crested-geckos/2698454
G37,['Dalmatian'],/us/c/reptiles/lizards/crested-geckos/2512983
G23,['Dalmatian'],/us/c/reptiles/lizards/crested-geckos/2512941
RagxMen02,['Tri-color'],/us/c/reptiles/lizards/crested-geckos/2566896
7R_2023-25,['Red'],/us/c/reptiles/lizards/crested-geckos/2597562
11D_2023-16,['Tri-color'],/us/c/reptiles/lizards/crested-geckos/2597558
14D_2023_04,['Super Dalmatian'],/us/c/reptiles/lizards/crested-geckos/2597543
MxC23,['Harlequin'],/us/c/reptiles/lizards/crested-geckos/2698202
16_XXX_2023_08_27,['Extreme Harlequin'],/us/c/reptiles/lizards/crested-geckos/2597526
(MM-2115350),['Dalmatian'],/us/c/reptiles/lizards/crested-geckos/2115350
10.21.23,['Axanthic'],/us/c/reptiles/lizards/crested-geckos/2444012
Tigerdalcg71,['Super Dalmatian'],/us/c/reptiles/lizards/crested-geckos/2697747
CG-148-22,['Tri-color'],/us/c/reptiles/lizards/crested-geckos/2019108
CG-163-22,['Harlequin'],/us/c/reptiles/lizards/crested-geckos/2218254
Trailbreaker1,['Harlequin'],/us/c/reptiles/lizards/crested-geckos/2697612
Tessa,['Yellow'],/us/c/reptiles/lizards/crested-geckos/2697600
4babyAx,['Axanthic'],/us/c/reptiles/lizards/crested-geckos/2697563
LeKa0222-0915,['Extreme Harlequin'],/us/c/reptiles/lizards/crested-geckos/2580575
SiHi0122-0915,['Extreme Harlequin'],/us/c/reptiles/lizards/crested-geckos/2580540
LeMy0321-0915,['Extreme Harlequin'],/us/c/reptiles/lizards/crested-geckos/2580526
(MM-2580262),['Dalmatian'],/us/c/reptiles/lizards/crested-geckos/2580262
CG-209-22,['Flame'],/us/c/reptiles/lizards/crested-geckos/2024322
CR91223,['Harlequin'],/us/c/reptiles/lizards/crested-geckos/2143639
CR12922,['Harlequin'],/us/c/reptiles/lizards/crested-geckos/2129098
C622,['Super Dalmatian'],/us/c/reptiles/lizards/crested-geckos/2078322
CG-2-23,['Cream'],/us/c/reptiles/lizards/crested-geckos/2217986
CG-26-23,['Flame'],/us/c/reptiles/lizards/crested-geckos/2469529
(MM-2631672),['Harlequin'],/us/c/reptiles/lizards/crested-geckos/2631672
7R_2023_20,['Tri-color'],/us/c/reptiles/lizards/crested-geckos/2540345
Foster,['Extreme Harlequin'],/us/c/reptiles/lizards/crested-geckos/2696396
Harleycg421,['Harlequin'],/us/c/reptiles/lizards/crested-geckos/2340059
(MM-2579272),['Quad-stripe'],/ca/c/reptiles/lizards/crested-geckos/2579272
Cg422,['Harlequin'],/us/c/reptiles/lizards/crested-geckos/2340009
4-22-3-19-HL,['Harlequin'],/us/c/reptiles/lizards/crested-geckos/1132948
7.1,['Harlequin'],/us/c/reptiles/lizards/crested-geckos/2425810
G35,['Axanthic'],/us/c/reptiles/lizards/crested-geckos/2516398
cg011,['Harlequin'],/us/c/reptiles/lizards/crested-geckos/2477885
cg007,['Harlequin'],/us/c/reptiles/lizards/crested-geckos/2477865
cg006,['Harlequin'],/us/c/reptiles/lizards/crested-geckos/2477858
WiDo-05.23,['Quad-stripe'],/us/c/reptiles/lizards/crested-geckos/2631098
Cg-001,['Tri-color'],/us/c/reptiles/lizards/crested-geckos/2696218
KLMT-08.23,['Dalmatian'],/us/c/reptiles/lizards/crested-geckos/2631078
0157,['Creamsicle'],/us/c/reptiles/lizards/crested-geckos/2564841
Uugff,['Dalmatian'],/us/c/reptiles/lizards/crested-geckos/2695990
LMS,['Harlequin'],/us/c/reptiles/lizards/crested-geckos/2630956
0168,['Dalmatian'],/us/c/reptiles/lizards/crested-geckos/2564800
(MM-2695922),['Tri-color'],/us/c/reptiles/lizards/crested-geckos/2695922
(MM-2695915),['Tri-color'],/us/c/reptiles/lizards/crested-geckos/2695915
(MM-2695913),['Tri-color'],/us/c/reptiles/lizards/crested-geckos/2695913
G28,['Axanthic'],/us/c/reptiles/lizards/crested-geckos/2515958
NQG1-I,['Partial Pinstripe'],/us/c/reptiles/lizards/crested-geckos/2290379
Leon,['Dalmatian'],/us/c/reptiles/lizards/crested-geckos/2695417
LeonXFanta1,['Flame'],/us/c/reptiles/lizards/crested-geckos/2695385
TeSw713,['Harlequin'],/us/c/reptiles/lizards/crested-geckos/2695368
CG-219-22,['Harlequin'],/us/c/reptiles/lizards/crested-geckos/2236948
CG-9-22,['Harlequin'],/us/c/reptiles/lizards/crested-geckos/1634750
Chaol1222,['Black'],/us/c/reptiles/lizards/crested-geckos/2473346
HBRU01,['Harlequin'],/us/c/reptiles/lizards/crested-geckos/2595108
Ext1,['Tri-color'],/us/c/reptiles/lizards/crested-geckos/2630298
CG-36-22,['Flame'],/us/c/reptiles/lizards/crested-geckos/2005307
CG-61-23,['Partial Pinstripe'],/us/c/reptiles/lizards/crested-geckos/2673202
(MM-2695005),['Dalmatian'],/us/c/reptiles/lizards/crested-geckos/2695005
CG-170-22,['Harlequin'],/us/c/reptiles/lizards/crested-geckos/2019875
CG-90-23,['Tri-color'],/us/c/reptiles/lizards/crested-geckos/2670421
CG-225-23,['Extreme Harlequin'],/us/c/reptiles/lizards/crested-geckos/2469454
XSFG-ZEALOT-240505,['Axanthic'],/us/c/reptiles/lizards/crested-geckos/2594396
goldenass,['Phantom'],/us/c/reptiles/lizards/crested-geckos/2629754
CG-50-23,['Dalmatian'],/us/c/reptiles/lizards/crested-geckos/2311121
CG-91-23,['Tri-color'],/us/c/reptiles/lizards/crested-geckos/2670080
20240015,['Super Dalmatian'],/us/c/reptiles/lizards/crested-geckos/2118379
CG-13-23,['Flame'],/us/c/reptiles/lizards/crested-geckos/2670058
4-22-24-B,['Red'],/us/c/reptiles/lizards/crested-geckos/2594106
3531,['Harlequin'],/us/c/reptiles/lizards/crested-geckos/2289500
(MM-2694078),['Patternless'],/us/c/reptiles/lizards/crested-geckos/2694078
CG-231,['Harlequin'],/us/c/reptiles/lizards/crested-geckos/1474145
CG-189-22,['Harlequin'],/us/c/reptiles/lizards/crested-geckos/2677183
CG-79-23,['Red'],/us/c/reptiles/lizards/crested-geckos/2677258
AC1123,['Harlequin'],/us/c/reptiles/lizards/crested-geckos/2458411
21-49-22-3-QS,['Quad-stripe'],/us/c/reptiles/lizards/crested-geckos/1190758
(MM-2562485),['Drippy'],/us/c/reptiles/lizards/crested-geckos/2562485
Hiconcg81,['Harlequin'],/us/c/reptiles/lizards/crested-geckos/2514018
Higwhitecg364,['Dalmatian'],/us/c/reptiles/lizards/crested-geckos/2514003
BF271.23,['Harlequin'],/us/c/reptiles/lizards/crested-geckos/2041507
4CR91323,['Harlequin'],/us/c/reptiles/lizards/crested-geckos/2329490
3CR91223,['Harlequin'],/us/c/reptiles/lizards/crested-geckos/2329480
TBKCT202402-Arthur,['Harlequin'],/us/c/reptiles/lizards/crested-geckos/2693257
TBKCT202401-Nero,['Harlequin'],/us/c/reptiles/lizards/crested-geckos/2693258
TBKCT202403-Zero,['Harlequin'],/us/c/reptiles/lizards/crested-geckos/2693260
SpotTen202403-Smaug,['Flame'],/us/c/reptiles/lizards/crested-geckos/2693261
SpotTen202402-Mushu,['Flame'],/us/c/reptiles/lizards/crested-geckos/2693262
SpotTen202401-Guile,['Flame'],/us/c/reptiles/lizards/crested-geckos/2693263
RedBrin202402-Lucca,['Brindle'],/us/c/reptiles/lizards/crested-geckos/2693265
SpotTen202401-Guile,['Flame'],/us/c/reptiles/lizards/crested-geckos/2693263
RedBrin202402-Lucca,['Brindle'],/us/c/reptiles/lizards/crested-geckos/2693265
OGTB202402-DukeNukem,['Harlequin'],/us/c/reptiles/lizards/crested-geckos/2693269
OGTB202403-PaRappa,['Harlequin'],/us/c/reptiles/lizards/crested-geckos/2693268
TBKCT202404-Meowth,['Partial Pinstripe'],/us/c/reptiles/lizards/crested-geckos/2693259
NXC-ANUNNAKI2-2023,['Super Dalmatian'],/us/c/reptiles/lizards/crested-geckos/2467156
CG-68-22,['Harlequin'],/us/c/reptiles/lizards/crested-geckos/2218157
CG-137-23,['Halloween'],/us/c/reptiles/lizards/crested-geckos/2595647
CG-10-23,['Halloween'],/us/c/reptiles/lizards/crested-geckos/2218089
CG-197-22,['Flame'],/us/c/reptiles/lizards/crested-geckos/2019318
CG-74-23,['Halloween'],/us/c/reptiles/lizards/crested-geckos/2675605
KeRi1723,['Harlequin'],/us/c/reptiles/lizards/crested-geckos/2288747
GRWT2029,['Red'],/us/c/reptiles/lizards/crested-geckos/2561863
Geronimo,['Phantom'],/us/c/reptiles/lizards/crested-geckos/2692781
CG2023F,['Dalmatian'],/us/c/reptiles/lizards/crested-geckos/2328934
CG2022B,['Dark'],/us/c/reptiles/lizards/crested-geckos/2328905
Nova-Star,['Dalmatian'],/us/c/reptiles/lizards/crested-geckos/2469358
(MM-2156958),['Extreme Harlequin'],/us/c/reptiles/lizards/crested-geckos/2156958
Crest9,['Red'],/us/c/reptiles/lizards/crested-geckos/2457523
67488,['Harlequin'],/us/c/reptiles/lizards/crested-geckos/2561505
773663,['Harlequin'],/us/c/reptiles/lizards/crested-geckos/2561481
PoMo2307,['Dalmatian'],/us/c/reptiles/lizards/crested-geckos/2253452
77463,['Tri-color'],/us/c/reptiles/lizards/crested-geckos/2561470
Nou-Harley,['Cream'],/us/c/reptiles/lizards/crested-geckos/2692332
(MM-2692205),['Tri-color'],/us/c/reptiles/lizards/crested-geckos/2692205
CG-20-23,['Portholes'],/us/c/reptiles/lizards/crested-geckos/2596715
(MM-2692156),['Tri-color'],/us/c/reptiles/lizards/crested-geckos/2692156
Gersemi01,['Tri-color'],/us/c/reptiles/lizards/crested-geckos/2692152
54321,['Creamsicle'],/us/c/reptiles/lizards/crested-geckos/2692129
1CG11623,['Harlequin'],/us/c/reptiles/lizards/crested-geckos/2328515
5CR11623,['Extreme Harlequin'],/us/c/reptiles/lizards/crested-geckos/2328427
SXS-APOLLO-2023,['Dark'],/us/c/reptiles/lizards/crested-geckos/2691920
(MM-2338186),['Extreme Harlequin'],/us/c/reptiles/lizards/crested-geckos/2338186
1723-1,['Extreme Harlequin'],/us/c/reptiles/lizards/crested-geckos/2182369
111622,['Extreme Harlequin'],/us/c/reptiles/lizards/crested-geckos/2182339
1723,['Extreme Harlequin'],/us/c/reptiles/lizards/crested-geckos/2182361
51123-1,['Extreme Harlequin'],/us/c/reptiles/lizards/crested-geckos/2182429
32923,['Harlequin'],/us/c/reptiles/lizards/crested-geckos/2182400
CG-63-23,['Red'],/us/c/reptiles/lizards/crested-geckos/2449885
Larhom082223,['Tri-color'],/us/c/reptiles/lizards/crested-geckos/2316128
(MM-2691504),['Dark'],/us/c/reptiles/lizards/crested-geckos/2691504
SLC297,['Tri-color'],/us/c/reptiles/lizards/crested-geckos/2218353
(MM-2445325),['Bi-color'],/us/c/reptiles/lizards/crested-geckos/2445325
BeDa03,['Partial Pinstripe'],/us/c/reptiles/lizards/crested-geckos/2326553
Fibber,['Harlequin'],/us/c/reptiles/lizards/crested-geckos/2466980
I,['Super Dalmatian'],/us/c/reptiles/lizards/crested-geckos/2313600
(MM-2526260),['Harlequin'],/us/c/reptiles/lizards/crested-geckos/2526260
(MM-2491494),['Quad-stripe'],/us/c/reptiles/lizards/crested-geckos/2491494
Dal-003,['Dalmatian'],/us/c/reptiles/lizards/crested-geckos/2212958
JNECHO01,['Tri-color'],/us/c/reptiles/lizards/crested-geckos/2276391
(MM-2308372),['Halloween'],/us/c/reptiles/lizards/crested-geckos/2308372
(MM-2518469),['Extreme Harlequin'],/us/c/reptiles/lizards/crested-geckos/2518469
WWFPCG7,['Harlequin'],/us/c/reptiles/lizards/crested-geckos/2517909
GypsyOreo4,['Harlequin'],/us/c/reptiles/lizards/crested-geckos/2516307
GC01,['Red'],/us/c/reptiles/lizards/crested-geckos/2471066
(MM-2456498),['Quad-stripe'],/us/c/reptiles/lizards/crested-geckos/2456498
N1,['Harlequin'],/us/c/reptiles/lizards/crested-geckos/2400837
OYT319,['Harlequin'],/us/c/reptiles/lizards/crested-geckos/2325640
OYP,['Harlequin'],/us/c/reptiles/lizards/crested-geckos/2325735
CG057,['Quad-stripe'],/us/c/reptiles/lizards/crested-geckos/2235386
5273,['Brindle'],/us/c/reptiles/lizards/crested-geckos/2062224
202302-02,['Harlequin'],/us/c/reptiles/lizards/crested-geckos/2136055
(MM-2111735),['Cream'],/us/c/reptiles/lizards/crested-geckos/2111735
(MM-2111748),['Phantom'],/us/c/reptiles/lizards/crested-geckos/2111748
A-84,['Harlequin'],/us/c/reptiles/lizards/crested-geckos/1317627
66B,['Tri-color'],/us/c/reptiles/lizards/crested-geckos/2114908
C1,['Blonde'],/us/c/reptiles/lizards/crested-geckos/2038758
(MM-2099118),['Harlequin'],/us/c/reptiles/lizards/crested-geckos/2099118
C6,['Blonde'],/us/c/reptiles/lizards/crested-geckos/2038804
OYT212,['Harlequin'],/us/c/reptiles/lizards/crested-geckos/1605113
CG-004,['Extreme Harlequin'],/us/c/reptiles/lizards/crested-geckos/1794830
IC616,['Extreme Harlequin'],/us/c/reptiles/lizards/crested-geckos/1486680
StSn2,['Harlequin'],/us/c/reptiles/lizards/crested-geckos/2087436
HocusPocus,['Lavender'],/us/c/reptiles/lizards/crested-geckos/1467037
GAZA07,['Harlequin'],/us/c/reptiles/lizards/crested-geckos/1384733
GAZA03,['Harlequin'],/us/c/reptiles/lizards/crested-geckos/1384718
Flecko,['Dalmatian'],/us/c/reptiles/lizards/crested-geckos/2075419
BGD83,['Tri-color'],/us/c/reptiles/lizards/crested-geckos/1486566
(MM-2019813),['Axanthic'],/us/c/reptiles/lizards/crested-geckos/2019813
(MM-1930358),['Harlequin'],/us/c/reptiles/lizards/crested-geckos/1930358
Sora,['Tri-color'],/us/c/reptiles/lizards/crested-geckos/1242524
JUMP,['Harlequin'],/us/c/reptiles/lizards/crested-geckos/2052770
202302-01,['Normal'],/us/c/reptiles/lizards/crested-geckos/1897799
Bruno,['Tri-color'],/us/c/reptiles/lizards/crested-geckos/2075390
magnus,['Harlequin'],/us/c/reptiles/lizards/crested-geckos/2132184
carl,['Harlequin'],/us/c/reptiles/lizards/crested-geckos/2132183
njall,['Harlequin'],/us/c/reptiles/lizards/crested-geckos/2132181
GAZA01,['Harlequin'],/us/c/reptiles/lizards/crested-geckos/1384696
harald,['Harlequin'],/us/c/reptiles/lizards/crested-geckos/1994628
(MM-2385360),['Harlequin'],/us/c/reptiles/lizards/crested-geckos/2385360
(MM-2359072),['Phantom'],/us/c/reptiles/lizards/crested-geckos/2359072
KaS4,['Harlequin'],/us/c/reptiles/lizards/crested-geckos/2087403
SLC290,['Yellow'],/us/c/reptiles/lizards/crested-geckos/2216677
CG22207OrLW,['Orange'],/us/c/reptiles/lizards/crested-geckos/1944361
LG19,['Harlequin'],/us/c/reptiles/lizards/crested-geckos/2378796
BC444,['Dark'],/us/c/reptiles/lizards/crested-geckos/2253470
(MM-2326687),['Ink Spot'],/us/c/reptiles/lizards/crested-geckos/2326687
Morpheus,['Harlequin'],/us/c/reptiles/lizards/crested-geckos/2335531
Rufus,['Harlequin'],/us/c/reptiles/lizards/crested-geckos/2075415
Adira,['Dalmatian'],/us/c/reptiles/lizards/crested-geckos/2335939
(MM-1892170),['Quad-stripe'],/us/c/reptiles/lizards/crested-geckos/1892170
(MM-2252171),['Dalmatian'],/us/c/reptiles/lizards/crested-geckos/2252171
G479,['Harlequin'],/us/c/reptiles/lizards/crested-geckos/2391550
OYT1215,['Harlequin'],/us/c/reptiles/lizards/crested-geckos/869753
(MM-2281076),['Yellow'],/us/c/reptiles/lizards/crested-geckos/2281076
CxT-2,['Dalmatian'],/us/c/reptiles/lizards/crested-geckos/2029217
LG12,['Harlequin'],/us/c/reptiles/lizards/crested-geckos/1950456
CG056,['Quad-stripe'],/us/c/reptiles/lizards/crested-geckos/2233794
(MM-2438241),['Red'],/us/c/reptiles/lizards/crested-geckos/2438241
DOxDS-C,['Extreme Harlequin'],/us/c/reptiles/lizards/crested-geckos/2406048
(MM-2335410),['Harlequin'],/us/c/reptiles/lizards/crested-geckos/2335410
PL2,['Tri-color'],/us/c/reptiles/lizards/crested-geckos/2356298
SLC299,['Cream'],/us/c/reptiles/lizards/crested-geckos/2218640
10/7/23baby1,['Harlequin'],/us/c/reptiles/lizards/crested-geckos/2140481
(MM-2281084),['Quad-stripe'],/us/c/reptiles/lizards/crested-geckos/2281084
(MM-2457908),['Harlequin'],/us/c/reptiles/lizards/crested-geckos/2457908
(MM-2421620),['Red'],/us/c/reptiles/lizards/crested-geckos/2421620
Jager,['Harlequin'],/us/c/reptiles/lizards/crested-geckos/2490838
YxB9,['Extreme Harlequin'],/us/c/reptiles/lizards/crested-geckos/2084105
(MM-2472784),['Dalmatian'],/us/c/reptiles/lizards/crested-geckos/2472784
IvyNightowl3,['Harlequin'],/us/c/reptiles/lizards/crested-geckos/2493685
AvxRpCGM,['Dark'],/us/c/reptiles/lizards/crested-geckos/2218349
(MM-2273170),['Extreme Harlequin'],/us/c/reptiles/lizards/crested-geckos/2273170
(MM-2491470),['Quad-stripe'],/us/c/reptiles/lizards/crested-geckos/2491470
borr,['Harlequin'],/us/c/reptiles/lizards/crested-geckos/1872927
N2,['Harlequin'],/us/c/reptiles/lizards/crested-geckos/2400871
(MM-2558151),['Harlequin'],/us/c/reptiles/lizards/crested-geckos/2558151
(MM-2326682),['Flame'],/us/c/reptiles/lizards/crested-geckos/2326682
(MM-2238374),['Dalmatian'],/us/c/reptiles/lizards/crested-geckos/2238374
(MM-2326679),['Red Base'],/us/c/reptiles/lizards/crested-geckos/2326679
YxM5,['Extreme Harlequin'],/us/c/reptiles/lizards/crested-geckos/1162214
SB01,['Harlequin'],/us/c/reptiles/lizards/crested-geckos/2472775
23U-HAR-TIG-01,['Harlequin'],/us/c/reptiles/lizards/crested-geckos/2476901
(MM-2356114),['Tri-color'],/us/c/reptiles/lizards/crested-geckos/2356114
Uncledot,['Dalmatian'],/us/c/reptiles/lizards/crested-geckos/2496627
G363,['Brindle'],/us/c/reptiles/lizards/crested-geckos/2390632
Izmir,['Harlequin'],/us/c/reptiles/lizards/crested-geckos/2403074
CrestedChahoua1,['Hybrid'],/us/c/reptiles/lizards/crested-geckos/2476719
3729,['Tri-color'],/us/c/reptiles/lizards/crested-geckos/2264759
PYT1127,['Harlequin'],/us/c/reptiles/lizards/crested-geckos/869786
(MM-2269267),['Extreme Harlequin'],/us/c/reptiles/lizards/crested-geckos/2269267
CG24-LW01,['Partial Pinstripe'],/us/c/reptiles/lizards/crested-geckos/2330718
Draco,['Extreme Harlequin'],/us/c/reptiles/lizards/crested-geckos/1992895
(MM-2399531),['Red'],/us/c/reptiles/lizards/crested-geckos/2399531
(MM-2558147),['Harlequin'],/us/c/reptiles/lizards/crested-geckos/2558147
(MM-1817455),['Extreme Harlequin'],/us/c/reptiles/lizards/crested-geckos/1817455
SnC,['Harlequin'],/us/c/reptiles/lizards/crested-geckos/2431238
(MM-2457580),['Harlequin'],/us/c/reptiles/lizards/crested-geckos/2457580
(MM-2344014),['Partial Pinstripe'],/us/c/reptiles/lizards/crested-geckos/2344014
SoljinChamomile2,['Harlequin'],/us/c/reptiles/lizards/crested-geckos/2516326
CB24-EH02,['Extreme Harlequin'],/us/c/reptiles/lizards/crested-geckos/2330739
FiVid01,['Dalmatian'],/us/c/reptiles/lizards/crested-geckos/2352298
GJ5,['Dalmatian'],/us/c/reptiles/lizards/crested-geckos/2406823
(MM-2396008),['Harlequin'],/us/c/reptiles/lizards/crested-geckos/2396008
GAZA06,['Orange'],/us/c/reptiles/lizards/crested-geckos/1384729
(MM-2457211),['Tri-color'],/us/c/reptiles/lizards/crested-geckos/2457211
DoleWhip,['Solid Back'],/us/c/reptiles/lizards/crested-geckos/2551256
6,['Dark'],/us/c/reptiles/lizards/crested-geckos/2468021
(MM-2407919),['Harlequin'],/us/c/reptiles/lizards/crested-geckos/2407919
S,['Dalmatian'],/us/c/reptiles/lizards/crested-geckos/2487010
(MM-2516179),['Tri-color'],/us/c/reptiles/lizards/crested-geckos/2516179
(MM-2232016),['Yellow'],/us/c/reptiles/lizards/crested-geckos/2232016
CCHAR20231,['Harlequin'],/ca/c/reptiles/lizards/crested-geckos/2279558
(MM-2548640),['Harlequin'],/us/c/reptiles/lizards/crested-geckos/2548640
183-9.24.23-39.43,['Harlequin'],/us/c/reptiles/lizards/crested-geckos/2439492
Maude,['Tri-color'],/us/c/reptiles/lizards/crested-geckos/2185454
PeHa230101,['Lavender'],/us/c/reptiles/lizards/crested-geckos/2499551
OldGloryF,['Cold Fusion'],/us/c/reptiles/lizards/crested-geckos/2332468
SH7,['Extreme Harlequin'],/us/c/reptiles/lizards/crested-geckos/2418964
SRL4,['Tri-color'],/us/c/reptiles/lizards/crested-geckos/2554576
G32,['Red'],/us/c/reptiles/lizards/crested-geckos/2408752
DG-APL-41721,['Super Dalmatian'],/us/c/reptiles/lizards/crested-geckos/2403982
TTT,['Red Base'],/us/c/reptiles/lizards/crested-geckos/2467933
(MM-2467604),['Harlequin'],/us/c/reptiles/lizards/crested-geckos/2467604
Snowflake,['Harlequin'],/us/c/reptiles/lizards/crested-geckos/2491782
LW5,['Harlequin'],/us/c/reptiles/lizards/crested-geckos/2400160
SH6,['Harlequin'],/us/c/reptiles/lizards/crested-geckos/2418958
arathe,['Partial Pinstripe'],/us/c/reptiles/lizards/crested-geckos/2121121
(MM-2526262),['Harlequin'],/us/c/reptiles/lizards/crested-geckos/2526262
LW4,['Harlequin'],/us/c/reptiles/lizards/crested-geckos/2400134
133M,['Other Trait'],/us/c/reptiles/lizards/crested-geckos/2554461
CLW4,['Solid Back'],/us/c/reptiles/lizards/crested-geckos/2273266
(MM-2338338),['Harlequin'],/us/c/reptiles/lizards/crested-geckos/2338338
Niko,['Dalmatian'],/us/c/reptiles/lizards/crested-geckos/2406886
(MM-2558150),['Harlequin'],/us/c/reptiles/lizards/crested-geckos/2558150
GJ6,['Tri-color'],/us/c/reptiles/lizards/crested-geckos/2406869
Pretzel,['Tri-color'],/us/c/reptiles/lizards/crested-geckos/2185335
(MM-2519330),['Tri-color'],/us/c/reptiles/lizards/crested-geckos/2519330
CG-23-21,['Red'],/us/c/reptiles/lizards/crested-geckos/2462993
G426,['Quad-stripe'],/us/c/reptiles/lizards/crested-geckos/2391605
(MM-2457925),['Harlequin'],/us/c/reptiles/lizards/crested-geckos/2457925
AF-64-23,['Harlequin'],/us/c/reptiles/lizards/crested-geckos/2541287
Wuw1,['Tri-color'],/us/c/reptiles/lizards/crested-geckos/2425127
OYT1230,['Harlequin'],/us/c/reptiles/lizards/crested-geckos/2325342
TxM5,['Tri-color'],/us/c/reptiles/lizards/crested-geckos/2083345
BeDa13,['Lavender'],/us/c/reptiles/lizards/crested-geckos/2326450
(MM-2396773),['Dalmatian'],/us/c/reptiles/lizards/crested-geckos/2396773
Cras183,['Harlequin'],/us/c/reptiles/lizards/crested-geckos/2511520
BCu20,['Harlequin'],/us/c/reptiles/lizards/crested-geckos/1937724
(MM-2457917),['Harlequin'],/us/c/reptiles/lizards/crested-geckos/2457917
Bear,['Quad-stripe'],/us/c/reptiles/lizards/crested-geckos/2537233
BeDa06,['Partial Pinstripe'],/us/c/reptiles/lizards/crested-geckos/2326541
RT-9-24,['Tri-color'],/us/c/reptiles/lizards/crested-geckos/2513847
GC03,['Red'],/us/c/reptiles/lizards/crested-geckos/2472745
CG-SmMa-09,['Harlequin'],/ca/c/reptiles/lizards/crested-geckos/2446298
(MM-2406186),['Dalmatian'],/us/c/reptiles/lizards/crested-geckos/2406186
(MM-2548731),['Dark'],/us/c/reptiles/lizards/crested-geckos/2548731
(MM-2430753),['Super Dalmatian'],/us/c/reptiles/lizards/crested-geckos/2430753
(MM-2457894),['Harlequin'],/us/c/reptiles/lizards/crested-geckos/2457894
(MM-2548566),['Dark'],/us/c/reptiles/lizards/crested-geckos/2548566
ChickenFriedRice,['Dark'],/us/c/reptiles/lizards/crested-geckos/2316183
(MM-2438233),['Harlequin'],/us/c/reptiles/lizards/crested-geckos/2438233
(MM-2395616),['Yellow'],/us/c/reptiles/lizards/crested-geckos/2395616
(MM-2456501),['Quad-stripe'],/us/c/reptiles/lizards/crested-geckos/2456501
Mallow,['Red'],/us/c/reptiles/lizards/crested-geckos/2542268
CC06,['Extreme Harlequin'],/ca/c/reptiles/lizards/crested-geckos/1023712
(MM-2379051),['Quad-stripe'],/us/c/reptiles/lizards/crested-geckos/2379051
CG22,['Red'],/us/c/reptiles/lizards/crested-geckos/2379543
(MM-2482358),['Lavender'],/us/c/reptiles/lizards/crested-geckos/2482358
ZIJI6b,['Extreme Harlequin'],/us/c/reptiles/lizards/crested-geckos/2474091
HB,['Red'],/us/c/reptiles/lizards/crested-geckos/2230135
CMG23002-02,['Dalmatian'],/us/c/reptiles/lizards/crested-geckos/2133769
G832,['Red'],/us/c/reptiles/lizards/crested-geckos/2390555
Bp24,['Harlequin'],/us/c/reptiles/lizards/crested-geckos/2523879
CG-HQ-01,['Harlequin'],/us/c/reptiles/lizards/crested-geckos/2329412
(MM-2364269),['Extreme Harlequin'],/us/c/reptiles/lizards/crested-geckos/2364269
(MM-2499350),['Harlequin'],/us/c/reptiles/lizards/crested-geckos/2499350
(MM-2548357),['Harlequin'],/us/c/reptiles/lizards/crested-geckos/2548357
(MM-2550561),['Harlequin'],/us/c/reptiles/lizards/crested-geckos/2550561
YxB11,['Extreme Harlequin'],/us/c/reptiles/lizards/crested-geckos/2083256
TYP426,['Harlequin'],/us/c/reptiles/lizards/crested-geckos/1601890
Poe2024,['Dalmatian'],/us/c/reptiles/lizards/crested-geckos/2550375
(MM-2397124),['Dark'],/us/c/reptiles/lizards/crested-geckos/2397124
Dal-1,['Dalmatian'],/us/c/reptiles/lizards/crested-geckos/2522819
StAt,['Tri-color'],/us/c/reptiles/lizards/crested-geckos/2510911
(MM-2547647),['Dark'],/us/c/reptiles/lizards/crested-geckos/2547647
260124-SmGi1,['Harlequin'],/us/c/reptiles/lizards/crested-geckos/2238808
06848,['Phantom'],/us/c/reptiles/lizards/crested-geckos/2263879
FiVid02,['Dalmatian'],/us/c/reptiles/lizards/crested-geckos/2352286
DExDA-010-7-24,['Harlequin'],/us/c/reptiles/lizards/crested-geckos/2412337
24U-HAR-04,['Harlequin'],/us/c/reptiles/lizards/crested-geckos/2545856
(MM-2537931),['Tri-color'],/us/c/reptiles/lizards/crested-geckos/2537931
(MM-2457596),['Yellow'],/us/c/reptiles/lizards/crested-geckos/2457596
(MM-2457770),['Harlequin'],/us/c/reptiles/lizards/crested-geckos/2457770
(MM-2359039),['Harlequin'],/us/c/reptiles/lizards/crested-geckos/2359039
Aboleth,['Harlequin'],/us/c/reptiles/lizards/crested-geckos/2388553
(MM-2457218),['Dalmatian'],/us/c/reptiles/lizards/crested-geckos/2457218
1133,['Harlequin'],/us/c/reptiles/lizards/crested-geckos/2275806
G577,['Red'],/us/c/reptiles/lizards/crested-geckos/2390598
CG-001,['Harlequin'],/us/c/reptiles/lizards/crested-geckos/2479821
G30,['Tri-color'],/us/c/reptiles/lizards/crested-geckos/2408779
(MM-2550587),['Harlequin'],/us/c/reptiles/lizards/crested-geckos/2550587
(MM-2457248),['Tri-color'],/us/c/reptiles/lizards/crested-geckos/2457248
GC02,['Red'],/us/c/reptiles/lizards/crested-geckos/2472712
(MM-2548384),['Harlequin'],/us/c/reptiles/lizards/crested-geckos/2548384
Zy12,['Partial Pinstripe'],/us/c/reptiles/lizards/crested-geckos/2093038
(MM-2457637),['Tri-color'],/us/c/reptiles/lizards/crested-geckos/2457637
(MM-2518428),['Super Dalmatian'],/us/c/reptiles/lizards/crested-geckos/2518428
(MM-2501267),['Extreme Harlequin'],/us/c/reptiles/lizards/crested-geckos/2501267
23U-TRI-HAR-03,['Harlequin'],/us/c/reptiles/lizards/crested-geckos/2545889
(MM-2548417),['Harlequin'],/us/c/reptiles/lizards/crested-geckos/2548417
(MM-2518406),['Super Dalmatian'],/us/c/reptiles/lizards/crested-geckos/2518406
(MM-2457781),['Harlequin'],/us/c/reptiles/lizards/crested-geckos/2457781
(MM-2264472),['Super Dalmatian'],/us/c/reptiles/lizards/crested-geckos/2264472
NZLY2,['Cream'],/us/c/reptiles/lizards/crested-geckos/2539710
Bandit1,['Harlequin'],/us/c/reptiles/lizards/crested-geckos/2550321
(MM-2396027),['Extreme Harlequin'],/us/c/reptiles/lizards/crested-geckos/2396027
SRLY6,['Tri-color'],/us/c/reptiles/lizards/crested-geckos/2539641
(MM-2548453),['Dark'],/us/c/reptiles/lizards/crested-geckos/2548453
176M,['Other Trait'],/us/c/reptiles/lizards/crested-geckos/2554454
CLW8,['Drippy'],/us/c/reptiles/lizards/crested-geckos/2273307
(MM-2473904),['Harlequin'],/us/c/reptiles/lizards/crested-geckos/2473904
(MM-2526272),['Harlequin'],/us/c/reptiles/lizards/crested-geckos/2526272
L4,['Tri-color'],/us/c/reptiles/lizards/crested-geckos/2376968
BeLi01,['Yellow'],/us/c/reptiles/lizards/crested-geckos/2326563
PLY6,['Tri-color'],/us/c/reptiles/lizards/crested-geckos/2554531
(MM-2518396),['Tri-color'],/us/c/reptiles/lizards/crested-geckos/2518396
(MM-2430747),['Super Dalmatian'],/us/c/reptiles/lizards/crested-geckos/2430747
Chaos,['Harlequin'],/us/c/reptiles/lizards/crested-geckos/2402070
PBFCGL,['Extreme Harlequin'],/us/c/reptiles/lizards/crested-geckos/2218228
Orangetan19,['Yellow'],/us/c/reptiles/lizards/crested-geckos/2345896
AM-11-22,['Harlequin'],/us/c/reptiles/lizards/crested-geckos/2545009
CL-OM-2301,['Harlequin'],/us/c/reptiles/lizards/crested-geckos/2134593
(MM-2483102),['Quad-stripe'],/us/c/reptiles/lizards/crested-geckos/2483102
PL8,['Tri-color'],/us/c/reptiles/lizards/crested-geckos/2539747
CxT-5,['Dalmatian'],/us/c/reptiles/lizards/crested-geckos/2405998
StMW01,['Brindle'],/us/c/reptiles/lizards/crested-geckos/2510917
CG-SmMa-08,['Harlequin'],/ca/c/reptiles/lizards/crested-geckos/2446316
(MM-2548638),['Harlequin'],/us/c/reptiles/lizards/crested-geckos/2548638
(MM-2430742),['Super Dalmatian'],/us/c/reptiles/lizards/crested-geckos/2430742
(MM-2518349),['Red'],/us/c/reptiles/lizards/crested-geckos/2518349
DyKa23,['Harlequin'],/us/c/reptiles/lizards/crested-geckos/2324591
(MM-2359036),['Partial Pinstripe'],/us/c/reptiles/lizards/crested-geckos/2359036
(MM-2501434),['Extreme Harlequin'],/us/c/reptiles/lizards/crested-geckos/2501434
23U-TRI-HAR-02,['Harlequin'],/us/c/reptiles/lizards/crested-geckos/2492673
SLC289,['Red Base'],/us/c/reptiles/lizards/crested-geckos/2216631
(MM-2396804),['Flame'],/us/c/reptiles/lizards/crested-geckos/2396804
Roxi,['Flame'],/us/c/reptiles/lizards/crested-geckos/2312657
GUD09,['Tri-color'],/us/c/reptiles/lizards/crested-geckos/2354668
G20,['Dalmatian'],/us/c/reptiles/lizards/crested-geckos/2312633
(MM-2207369),['Dalmatian'],/us/c/reptiles/lizards/crested-geckos/2207369
Ax24,['Axanthic'],/us/c/reptiles/lizards/crested-geckos/2333063
tigerdal9,['Dalmatian'],/us/c/reptiles/lizards/crested-geckos/1761726
(MM-2111741),['Harlequin'],/us/c/reptiles/lizards/crested-geckos/2111741
6CR11623,['Extreme Harlequin'],/us/c/reptiles/lizards/crested-geckos/2328081
CG11623,['Harlequin'],/us/c/reptiles/lizards/crested-geckos/2328073
(MM-2690974),['Brindle'],/us/c/reptiles/lizards/crested-geckos/2690974
LokiXOlivia2,['Dalmatian'],/us/c/reptiles/lizards/crested-geckos/2690954
LokiXOlivia1,['Harlequin'],/us/c/reptiles/lizards/crested-geckos/2690948
cg2314,['Partial Pinstripe'],/us/c/reptiles/lizards/crested-geckos/2560043
Sdalcg251,['Super Dalmatian'],/us/c/reptiles/lizards/crested-geckos/2559997
CjIm_5.2_22,['Extreme Harlequin'],/us/c/reptiles/lizards/crested-geckos/2224094
7.4.ImmxFluClem.5.31,['Red'],/us/c/reptiles/lizards/crested-geckos/2690905
21M-EXHARLSNO-PAR,['Extreme Harlequin'],/us/c/reptiles/lizards/crested-geckos/1614594
DA0202,['Harlequin'],/us/c/reptiles/lizards/crested-geckos/2395966
BNEO-TRINITY-220907,['Lavender'],/us/c/reptiles/lizards/crested-geckos/2690812
24-CG-HQ-M,['Harlequin'],/us/c/reptiles/lizards/crested-geckos/2690793
AzKa1,['Extreme Harlequin'],/us/c/reptiles/lizards/crested-geckos/2492037
RN03,['Harlequin'],/ca/c/reptiles/lizards/crested-geckos/2625752
RN05,['Extreme Harlequin'],/ca/c/reptiles/lizards/crested-geckos/2625697
(MM-2640285),['Dalmatian'],/us/c/reptiles/lizards/crested-geckos/2640285
(MM-2640278),['Dalmatian'],/us/c/reptiles/lizards/crested-geckos/2640278
(MM-2640258),['Patternless'],/us/c/reptiles/lizards/crested-geckos/2640258
12-24-23-57B,['Tri-color'],/us/c/reptiles/lizards/crested-geckos/2362021
ACR021,['Harlequin'],/us/c/reptiles/lizards/crested-geckos/2626087
(MM-2275015),['Partial Pinstripe'],/us/c/reptiles/lizards/crested-geckos/2275015
H84,['Harlequin'],/us/c/reptiles/lizards/crested-geckos/2410032
23,['Tri-color'],/us/c/reptiles/lizards/crested-geckos/2509967
HCP85,['Harlequin'],/us/c/reptiles/lizards/crested-geckos/2410001
45,['Tri-color'],/us/c/reptiles/lizards/crested-geckos/2509946
Pinnyfem83,['Harlequin'],/us/c/reptiles/lizards/crested-geckos/2409979
Har68,['Harlequin'],/us/c/reptiles/lizards/crested-geckos/2409925
Jm2,['Harlequin'],/us/c/reptiles/lizards/crested-geckos/2509900
superdal32f,['Super Dalmatian'],/us/c/reptiles/lizards/crested-geckos/1754083
(MM-2573455),['Extreme Harlequin'],/us/c/reptiles/lizards/crested-geckos/2573455
(MM-2573450),['Extreme Harlequin'],/us/c/reptiles/lizards/crested-geckos/2573450
(MM-2573449),['Black'],/us/c/reptiles/lizards/crested-geckos/2573449
(MM-2573438),['Black'],/us/c/reptiles/lizards/crested-geckos/2573438
23ES2,['Orange'],/us/c/reptiles/lizards/crested-geckos/2474928
(MM-2573426),['Extreme Harlequin'],/us/c/reptiles/lizards/crested-geckos/2573426
(MM-2573419),['Extreme Harlequin'],/us/c/reptiles/lizards/crested-geckos/2573419
LBD2,['Tri-color'],/us/c/reptiles/lizards/crested-geckos/2409527
10-13-2022-20AA,['Red'],/us/c/reptiles/lizards/crested-geckos/2222431
(MM-2688504),['Harlequin'],/us/c/reptiles/lizards/crested-geckos/2688504
23SkeIvT0811,['Extreme Harlequin'],/us/c/reptiles/lizards/crested-geckos/2436721
WardenBodhi100623,['Harlequin'],/us/c/reptiles/lizards/crested-geckos/2554030
FreyaFalker,['Tri-color'],/us/c/reptiles/lizards/crested-geckos/2432053
(MM-2688119),['Harlequin'],/us/c/reptiles/lizards/crested-geckos/2688119
xSARA-41,['Patternless'],/us/c/reptiles/lizards/crested-geckos/2682822
(MM-2688049),['Harlequin'],/us/c/reptiles/lizards/crested-geckos/2688049
SAS-CG-83,['Harlequin'],/us/c/reptiles/lizards/crested-geckos/2682825
(MM-2687805),['Brindle'],/us/c/reptiles/lizards/crested-geckos/2687805
(MM-2687744),['Tri-color'],/us/c/reptiles/lizards/crested-geckos/2687744
Bf574,['Dalmatian'],/us/c/reptiles/lizards/crested-geckos/2687647
Bf327.,['Dalmatian'],/us/c/reptiles/lizards/crested-geckos/2687608
Bf136.22,['Harlequin'],/us/c/reptiles/lizards/crested-geckos/2687600
TRBU009,['Orange'],/us/c/reptiles/lizards/crested-geckos/2624121
MT,['Tri-color'],/us/c/reptiles/lizards/crested-geckos/2687233
ChOzzy1,['Red'],/us/c/reptiles/lizards/crested-geckos/2315405
Cr-1253,['Kneecaps'],/us/c/reptiles/lizards/crested-geckos/2025506
Piz,['Harlequin'],/us/c/reptiles/lizards/crested-geckos/2687123
FuRi96,['Harlequin'],/us/c/reptiles/lizards/crested-geckos/2630425
PiRi817,['Harlequin'],/us/c/reptiles/lizards/crested-geckos/2630394
PiRiB628,['Harlequin'],/us/c/reptiles/lizards/crested-geckos/2630380
61224H,['Harlequin'],/us/c/reptiles/lizards/crested-geckos/2571873
AnRi827,['Harlequin'],/us/c/reptiles/lizards/crested-geckos/2630360
22TwHar0826,['Extreme Harlequin'],/us/c/reptiles/lizards/crested-geckos/2435519
APOCxiNf1,['Partial Pinstripe'],/us/c/reptiles/lizards/crested-geckos/2630114
SITKA,['Harlequin'],/us/c/reptiles/lizards/crested-geckos/2630103
